[{
  "_id": {
    "$oid": "68505bf786dffa80b6e14923"
  },
  "CRM": "32456",
  "Nome do Médico": "João Alberto Torres",
  "Telefone": "(71) 98565-6545",
  "Quarto lotado": [
    "1",
    "3",
    "5"
  ]
},
{
  "_id": {
    "$oid": "68505bf786dffa80b6e14925"
  },
  "CRM": "96584",
  "Nome do Médico": "Marcelo Senro",
  "Telefone": "(71) 3254-8987",
  "Quarto lotado": [
    "1",
    "9"
  ]
},
{
  "_id": {
    "$oid": "68505bf786dffa80b6e14926"
  },
  "CRM": "88456",
  "Nome do Médico": "Márcia Pintaguay",
  "Telefone": "(71) 99745-3515",
  "Quarto lotado": [
    "5",
    "6"
  ]
},
{
  "_id": {
    "$oid": "68505bf786dffa80b6e14927"
  },
  "CRM": "12524",
  "Nome do Médico": "Andréa Fontes",
  "Telefone": "(71) 97828-4526",
  "Quarto lotado": [
    "4",
    "7",
    "8"
  ]
},
{
  "_id": {
    "$oid": "68505bf786dffa80b6e14928"
  },
  "CRM": "78954",
  "Nome do Médico": "André Figueredo",
  "Telefone": "(71) 9227-6547",
  "Quarto lotado": [
    "1",
    "5",
    "6",
    "7",
    "9"
  ]
},
{
  "_id": {
    "$oid": "68505bf786dffa80b6e14929"
  },
  "CRM": "78254",
  "Nome do Médico": "Manuela Sampaio",
  "Telefone": "(71) 3415-3354",
  "Quarto lotado": [
    "3",
    "6",
    "5",
    "4"
  ]
},
{
  "_id": {
    "$oid": "68505bf786dffa80b6e1492a"
  },
  "acknowledged": true,
  "insertedIds": {
    "0": {
      "$oid": "68505bf786dffa80b6e14923"
    },
    "1": {
      "$oid": "68505bf786dffa80b6e14924"
    },
    "2": {
      "$oid": "68505bf786dffa80b6e14925"
    },
    "3": {
      "$oid": "68505bf786dffa80b6e14926"
    },
    "4": {
      "$oid": "68505bf786dffa80b6e14927"
    },
    "5": {
      "$oid": "68505bf786dffa80b6e14928"
    },
    "6": {
      "$oid": "68505bf786dffa80b6e14929"
    }
  }
},
{
  "_id": {
    "$oid": "68507329939540e3e7f889a2"
  },
  "crm": 6584,
  "nome": "Fábio Motta",
  "telefone": "(71) 3264-8987",
  "idQuarto": [
    ""
  ]
}]