[{
  "_id": {
    "$oid": "68505c6186dffa80b6e1492b"
  },
  "Identificação": "175854",
  "Nome": "Roger Carlos",
  "Nº quarto": "1",
  "Cômodo": "B1",
  "Tel paciente": "(71) 98465-9945"
},
{
  "_id": {
    "$oid": "68505c6186dffa80b6e1492c"
  },
  "Identificação": "175855",
  "Nome": "Rhyan Pereira",
  "Nº quarto": "7",
  "Cômodo": "C7",
  "Tel paciente": "(71) 98899-4568"
},
{
  "_id": {
    "$oid": "68505c6186dffa80b6e1492d"
  },
  "Identificação": "175856",
  "Nome": "Ellen Drumond",
  "Nº quarto": "8",
  "Cômodo": "A8",
  "Tel paciente": "(71) 3156-8987"
},
{
  "_id": {
    "$oid": "68505c6186dffa80b6e1492e"
  },
  "Identificação": "175857",
  "Nome": "Rodrigo Sára",
  "Nº quarto": "3",
  "Cômodo": "A3",
  "Tel paciente": "(75) 98965-3515"
},
{
  "_id": {
    "$oid": "68505c6186dffa80b6e1492f"
  },
  "Identificação": "175858",
  "Nome": "Bianca Tereza",
  "Nº quarto": "6",
  "Cômodo": "B6",
  "Tel paciente": "(75) 97368-3426"
},
{
  "_id": {
    "$oid": "68505c6186dffa80b6e14930"
  },
  "Identificação": "175859",
  "Nome": "Anthony Blues",
  "Nº quarto": "3",
  "Cômodo": "B3",
  "Tel paciente": "(71) 9222-6247"
},
{
  "_id": {
    "$oid": "68505c6186dffa80b6e14931"
  },
  "Identificação": "175860",
  "Nome": "Leonam Sapucaí",
  "Nº quarto": "2",
  "Cômodo": "C2",
  "Tel paciente": "(75) 3123-5543"
},
{
  "_id": {
    "$oid": "68505c6186dffa80b6e14932"
  },
  "Identificação": "175861",
  "Nome": "João Gabriel Tenente",
  "Nº quarto": "4",
  "Cômodo": "A4",
  "Tel paciente": "(71) 98777-3512"
},
{
  "_id": {
    "$oid": "68505c6186dffa80b6e14933"
  },
  "Identificação": "175862",
  "Nome": "Diogenes das Neves",
  "Nº quarto": "5",
  "Cômodo": "A5",
  "Tel paciente": "(71) 9739-3926"
},
{
  "_id": {
    "$oid": "68505c6186dffa80b6e14934"
  },
  "Identificação": "175863",
  "Nome": "Jorgendro Caetano",
  "Nº quarto": "9",
  "Cômodo": "C9",
  "Tel paciente": "(75) 9155-0444"
}]