[{
  "_id": {
    "$oid": "68505ca386dffa80b6e14935"
  },
  "Identificação do Quarto": "1001",
  "Número do quarto": "1",
  "Descrição": "O quarto contém 3 cômodos A, B e C e está localizado no primeiro andar. O banheiro fica no corredor"
},
{
  "_id": {
    "$oid": "68505ca386dffa80b6e14936"
  },
  "Identificação do Quarto": "1002",
  "Número do quarto": "2",
  "Descrição": "O quarto contém 3 cômodos A, B e C e está localizado no primeiro andar. O banheiro fica no corredor"
},
{
  "_id": {
    "$oid": "68505ca386dffa80b6e14937"
  },
  "Identificação do Quarto": "1003",
  "Número do quarto": "3",
  "Descrição": "O quarto contém 3 cômodos A, B e C e está localizado no primeiro andar. O banheiro fica no corredor"
},
{
  "_id": {
    "$oid": "68505ca386dffa80b6e14938"
  },
  "Identificação do Quarto": "2004",
  "Número do quarto": "4",
  "Descrição": "O quarto contém 3 cômodos A, B e C e está localizado no segundo andar. O banheiro fica no corredor"
},
{
  "_id": {
    "$oid": "68505ca386dffa80b6e14939"
  },
  "Identificação do Quarto": "2005",
  "Número do quarto": "5",
  "Descrição": "O quarto contém 3 cômodos A, B e C e está localizado no segundo andar. O banheiro fica no corredor"
},
{
  "_id": {
    "$oid": "68505ca386dffa80b6e1493a"
  },
  "Identificação do Quarto": "2006",
  "Número do quarto": "6",
  "Descrição": "O quarto contém 3 cômodos A, B e C e está localizado no segundo andar. O banheiro fica no corredor"
},
{
  "_id": {
    "$oid": "68505ca386dffa80b6e1493b"
  },
  "Identificação do Quarto": "3007",
  "Número do quarto": "7",
  "Descrição": "O quarto contém 3 cômodos A, B e C e está localizado no terceiro andar. O banheiro fica no corredor"
},
{
  "_id": {
    "$oid": "68505ca386dffa80b6e1493c"
  },
  "Identificação do Quarto": "3008",
  "Número do quarto": "8",
  "Descrição": "O quarto contém 3 cômodos A, B e C e está localizado no terceiro andar. O banheiro fica no corredor"
},
{
  "_id": {
    "$oid": "68505ca386dffa80b6e1493d"
  },
  "Identificação do Quarto": "3009",
  "Número do quarto": "9",
  "Descrição": "O quarto contém 3 cômodos A, B e C e está localizado no terceiro andar. O banheiro fica no corredor"
}]