[
  {
    "clienteNome": "João Silva",
    "veiculoModelo": "Onix",
    "veiculoAno": 2019,
    "diasAlugados": 5,
    "valorPago": 450.00,
    "dataInicio": "2024-06-01T08:00:00.000Z",
    "dataFimPrevista": "2024-06-06T08:00:00.000Z",
    "dataDevolvido": "2024-06-06T08:00:00.000Z",
    "temAtraso": false,
    "diasAtraso": 0,
    "temDano": false,
    "descricaoDano": "",
    "status": "concluido",
    "criadoEm": "2024-06-01T08:00:00.000Z",
    "atualizadoEm": "2024-06-06T08:00:00.000Z"
  },
  {
    "clienteNome": "Maria Lima",
    "veiculoModelo": "HB20",
    "veiculoAno": 2020,
    "diasAlugados": 2,
    "valorPago": 180.00,
    "dataInicio": "2024-06-02T08:00:00.000Z",
    "dataFimPrevista": "2024-06-04T08:00:00.000Z",
    "dataDevolvido": "2024-06-05T08:00:00.000Z",
    "temAtraso": true,
    "diasAtraso": 1,
    "temDano": false,
    "descricaoDano": "",
    "status": "concluido",
    "criadoEm": "2024-06-02T08:00:00.000Z",
    "atualizadoEm": "2024-06-05T08:00:00.000Z"
  },
  {
    "clienteNome": "Pedro Santos",
    "veiculoModelo": "Sandero",
    "veiculoAno": 2020,
    "diasAlugados": 7,
    "valorPago": 700.00,
    "dataInicio": "2024-06-03T08:00:00.000Z",
    "dataFimPrevista": "2024-06-10T08:00:00.000Z",
    "dataDevolvido": "2024-06-10T08:00:00.000Z",
    "temAtraso": false,
    "diasAtraso": 0,
    "temDano": true,
    "descricaoDano": "Dano relatado",
    "status": "concluido",
    "criadoEm": "2024-06-03T08:00:00.000Z",
    "atualizadoEm": "2024-06-10T08:00:00.000Z"
  },
  {
    "clienteNome": "Ana Souza",
    "veiculoModelo": "Jeep Renegade",
    "veiculoAno": 2022,
    "diasAlugados": 10,
    "valorPago": 1500.00,
    "dataInicio": "2024-06-04T08:00:00.000Z",
    "dataFimPrevista": "2024-06-14T08:00:00.000Z",
    "dataDevolvido": "2024-06-14T08:00:00.000Z",
    "temAtraso": false,
    "diasAtraso": 0,
    "temDano": false,
    "descricaoDano": "",
    "status": "concluido",
    "criadoEm": "2024-06-04T08:00:00.000Z",
    "atualizadoEm": "2024-06-14T08:00:00.000Z"
  },
  {
    "clienteNome": "Carlos Oliveira",
    "veiculoModelo": "Fiat Uno",
    "veiculoAno": 2018,
    "diasAlugados": 3,
    "valorPago": 200.00,
    "dataInicio": "2024-06-05T08:00:00.000Z",
    "dataFimPrevista": "2024-06-08T08:00:00.000Z",
    "dataDevolvido": "2024-06-10T08:00:00.000Z",
    "temAtraso": true,
    "diasAtraso": 2,
    "temDano": false,
    "descricaoDano": "",
    "status": "concluido",
    "criadoEm": "2024-06-05T08:00:00.000Z",
    "atualizadoEm": "2024-06-10T08:00:00.000Z"
  },
  {
    "clienteNome": "Tatiane Braga",
    "veiculoModelo": "Corolla",
    "veiculoAno": 2021,
    "diasAlugados": 4,
    "valorPago": 600.00,
    "dataInicio": "2024-06-06T08:00:00.000Z",
    "dataFimPrevista": "2024-06-10T08:00:00.000Z",
    "dataDevolvido": "2024-06-10T08:00:00.000Z",
    "temAtraso": false,
    "diasAtraso": 0,
    "temDano": false,
    "descricaoDano": "",
    "status": "concluido",
    "criadoEm": "2024-06-06T08:00:00.000Z",
    "atualizadoEm": "2024-06-10T08:00:00.000Z"
  },
  {
    "clienteNome": "Júlio Mendes",
    "veiculoModelo": "Prisma",
    "veiculoAno": 2019,
    "diasAlugados": 6,
    "valorPago": 540.00,
    "dataInicio": "2024-06-07T08:00:00.000Z",
    "dataFimPrevista": "2024-06-13T08:00:00.000Z",
    "dataDevolvido": "2024-06-14T08:00:00.000Z",
    "temAtraso": true,
    "diasAtraso": 1,
    "temDano": false,
    "descricaoDano": "",
    "status": "concluido",
    "criadoEm": "2024-06-07T08:00:00.000Z",
    "atualizadoEm": "2024-06-14T08:00:00.000Z"
  },
  {
    "clienteNome": "Felipe Rocha",
    "veiculoModelo": "Fox",
    "veiculoAno": 2016,
    "diasAlugados": 2,
    "valorPago": 160.00,
    "dataInicio": "2024-06-08T08:00:00.000Z",
    "dataFimPrevista": "2024-06-10T08:00:00.000Z",
    "dataDevolvido": "2024-06-10T08:00:00.000Z",
    "temAtraso": false,
    "diasAtraso": 0,
    "temDano": false,
    "descricaoDano": "",
    "status": "concluido",
    "criadoEm": "2024-06-08T08:00:00.000Z",
    "atualizadoEm": "2024-06-10T08:00:00.000Z"
  },
  {
    "clienteNome": "Rafaela Duarte",
    "veiculoModelo": "Logan",
    "veiculoAno": 2020,
    "diasAlugados": 5,
    "valorPago": 480.00,
    "dataInicio": "2024-06-09T08:00:00.000Z",
    "dataFimPrevista": "2024-06-14T08:00:00.000Z",
    "dataDevolvido": "2024-06-14T08:00:00.000Z",
    "temAtraso": false,
    "diasAtraso": 0,
    "temDano": true,
    "descricaoDano": "Com danos",
    "status": "concluido",
    "criadoEm": "2024-06-09T08:00:00.000Z",
    "atualizadoEm": "2024-06-14T08:00:00.000Z"
  },
  {
    "clienteNome": "Mariana Torres",
    "veiculoModelo": "Argo",
    "veiculoAno": 2021,
    "diasAlugados": 3,
    "valorPago": 300.00,
    "dataInicio": "2024-06-10T08:00:00.000Z",
    "dataFimPrevista": "2024-06-13T08:00:00.000Z",
    "dataDevolvido": "2024-06-13T08:00:00.000Z",
    "temAtraso": false,
    "diasAtraso": 0,
    "temDano": false,
    "descricaoDano": "",
    "status": "concluido",
    "criadoEm": "2024-06-10T08:00:00.000Z",
    "atualizadoEm": "2024-06-13T08:00:00.000Z"
  },
  {
    "clienteNome": "Ricardo Nunes",
    "veiculoModelo": "Versa",
    "veiculoAno": 2018,
    "diasAlugados": 7,
    "valorPago": 700.00,
    "dataInicio": "2024-06-11T08:00:00.000Z",
    "dataFimPrevista": "2024-06-18T08:00:00.000Z",
    "dataDevolvido": "2024-06-21T08:00:00.000Z",
    "temAtraso": true,
    "diasAtraso": 3,
    "temDano": false,
    "descricaoDano": "",
    "status": "concluido",
    "criadoEm": "2024-06-11T08:00:00.000Z",
    "atualizadoEm": "2024-06-21T08:00:00.000Z"
  },
  {
    "clienteNome": "Larissa Martins",
    "veiculoModelo": "Spin",
    "veiculoAno": 2020,
    "diasAlugados": 8,
    "valorPago": 800.00,
    "dataInicio": "2024-06-12T08:00:00.000Z",
    "dataFimPrevista": "2024-06-20T08:00:00.000Z",
    "dataDevolvido": "2024-06-20T08:00:00.000Z",
    "temAtraso": false,
    "diasAtraso": 0,
    "temDano": false,
    "descricaoDano": "",
    "status": "concluido",
    "criadoEm": "2024-06-12T08:00:00.000Z",
    "atualizadoEm": "2024-06-20T08:00:00.000Z"
  },
  {
    "clienteNome": "Anderson Lopes",
    "veiculoModelo": "Cobalt",
    "veiculoAno": 2019,
    "diasAlugados": 6,
    "valorPago": 580.00,
    "dataInicio": "2024-06-13T08:00:00.000Z",
    "dataFimPrevista": "2024-06-19T08:00:00.000Z",
    "dataDevolvido": "2024-06-19T08:00:00.000Z",
    "temAtraso": false,
    "diasAtraso": 0,
    "temDano": true,
    "descricaoDano": "Dano na porta",
    "status": "concluido",
    "criadoEm": "2024-06-13T08:00:00.000Z",
    "atualizadoEm": "2024-06-19T08:00:00.000Z"
  },
  {
    "clienteNome": "Bianca Costa",
    "veiculoModelo": "EcoSport",
    "veiculoAno": 2017,
    "diasAlugados": 2,
    "valorPago": 220.00,
    "dataInicio": "2024-06-14T08:00:00.000Z",
    "dataFimPrevista": "2024-06-16T08:00:00.000Z",
    "dataDevolvido": "2024-06-16T08:00:00.000Z",
    "temAtraso": false,
    "diasAtraso": 0,
    "temDano": false,
    "descricaoDano": "",
    "status": "concluido",
    "criadoEm": "2024-06-14T08:00:00.000Z",
    "atualizadoEm": "2024-06-16T08:00:00.000Z"
  },
  {
    "clienteNome": "Mateus Pinto",
    "veiculoModelo": "Kwid",
    "veiculoAno": 2020,
    "diasAlugados": 5,
    "valorPago": 400.00,
    "dataInicio": "2024-06-15T08:00:00.000Z",
    "dataFimPrevista": "2024-06-20T08:00:00.000Z",
    "dataDevolvido": "2024-06-22T08:00:00.000Z",
    "temAtraso": true,
    "diasAtraso": 2,
    "temDano": false,
    "descricaoDano": "",
    "status": "concluido",
    "criadoEm": "2024-06-15T08:00:00.000Z",
    "atualizadoEm": "2024-06-22T08:00:00.000Z"
  }
]