[
  {
    "nome": "João",
    "sobrenome": "Silva",
    "nomeCompleto": "João Silva",
    "telefone": "(11) 99999-0001",
    "criadoEm": {"$date": "2024-06-01T08:00:00.000Z"}
  },
  {
    "nome": "Maria",
    "sobrenome": "Lima",
    "nomeCompleto": "Maria Lima",
    "telefone": "(11) 99999-0002",
    "criadoEm": {"$date": "2024-06-01T08:00:00.000Z"}
  },
  {
    "nome": "Pedro",
    "sobrenome": "Santos",
    "nomeCompleto": "Pedro Santos",
    "telefone": "(11) 99999-0003",
    "criadoEm": {"$date": "2024-06-01T08:00:00.000Z"}
  },
  {
    "nome": "Ana",
    "sobrenome": "Souza",
    "nomeCompleto": "Ana Souza",
    "telefone": "(11) 99999-0004",
    "criadoEm": {"$date": "2024-06-01T08:00:00.000Z"}
  },
  {
    "nome": "Carlos",
    "sobrenome": "Oliveira",
    "nomeCompleto": "Carlos Oliveira",
    "telefone": "(11) 99999-0005",
    "criadoEm": {"$date": "2024-06-01T08:00:00.000Z"}
  },
  {
    "nome": "Tatiane",
    "sobrenome": "Braga",
    "nomeCompleto": "Tatiane Braga",
    "telefone": "(11) 99999-0006",
    "criadoEm": {"$date": "2024-06-01T08:00:00.000Z"}
  },
  {
    "nome": "Júlio",
    "sobrenome": "Mendes",
    "nomeCompleto": "Júlio Mendes",
    "telefone": "(11) 99999-0007",
    "criadoEm": {"$date": "2024-06-01T08:00:00.000Z"}
  },
  {
    "nome": "Felipe",
    "sobrenome": "Rocha",
    "nomeCompleto": "Felipe Rocha",
    "telefone": "(11) 99999-0008",
    "criadoEm": {"$date": "2024-06-01T08:00:00.000Z"}
  },
  {
    "nome": "Rafaela",
    "sobrenome": "Duarte",
    "nomeCompleto": "Rafaela Duarte",
    "telefone": "(11) 99999-0009",
    "criadoEm": {"$date": "2024-06-01T08:00:00.000Z"}
  },
  {
    "nome": "Mariana",
    "sobrenome": "Torres",
    "nomeCompleto": "Mariana Torres",
    "telefone": "(11) 99999-0010",
    "criadoEm": {"$date": "2024-06-01T08:00:00.000Z"}
  },
  {
    "nome": "Ricardo",
    "sobrenome": "Nunes",
    "nomeCompleto": "Ricardo Nunes",
    "telefone": "(11) 99999-0011",
    "criadoEm": {"$date": "2024-06-01T08:00:00.000Z"}
  },
  {
    "nome": "Larissa",
    "sobrenome": "Martins",
    "nomeCompleto": "Larissa Martins",
    "telefone": "(11) 99999-0012",
    "criadoEm": {"$date": "2024-06-01T08:00:00.000Z"}
  },
  {
    "nome": "Anderson",
    "sobrenome": "Lopes",
    "nomeCompleto": "Anderson Lopes",
    "telefone": "(11) 99999-0013",
    "criadoEm": {"$date": "2024-06-01T08:00:00.000Z"}
  },
  {
    "nome": "Bianca",
    "sobrenome": "Costa",
    "nomeCompleto": "Bianca Costa",
    "telefone": "(11) 99999-0014",
    "criadoEm": {"$date": "2024-06-01T08:00:00.000Z"}
  },
  {
    "nome": "Mateus",
    "sobrenome": "Pinto",
    "nomeCompleto": "Mateus Pinto",
    "telefone": "(11) 99999-0015",
    "criadoEm": {"$date": "2024-06-01T08:00:00.000Z"}
  },
  {
    "nome": "Letícia",
    "sobrenome": "Ramos",
    "nomeCompleto": "Letícia Ramos",
    "telefone": "(11) 99999-0016",
    "criadoEm": {"$date": "2024-06-01T08:00:00.000Z"}
  },
  {
    "nome": "Gabriel",
    "sobrenome": "Alves",
    "nomeCompleto": "Gabriel Alves",
    "telefone": "(11) 99999-0017",
    "criadoEm": {"$date": "2024-06-01T08:00:00.000Z"}
  },
  {
    "nome": "Luana",
    "sobrenome": "Martins",
    "nomeCompleto": "Luana Martins",
    "telefone": "(11) 99999-0018",
    "criadoEm": {"$date": "2024-06-01T08:00:00.000Z"}
  },
  {
    "nome": "Eduardo",
    "sobrenome": "Sales",
    "nomeCompleto": "Eduardo Sales",
    "telefone": "(11) 99999-0019",
    "criadoEm": {"$date": "2024-06-01T08:00:00.000Z"}
  },
  {
    "nome": "Joana",
    "sobrenome": "Prado",
    "nomeCompleto": "Joana Prado",
    "telefone": "(11) 99999-0020",
    "criadoEm": {"$date": "2024-06-01T08:00:00.000Z"}
  }
]