[
  {
    "modelo": "Onix",
    "ano": 2019,
    "valorDiaria": 90.00,
    "cor": "Branco",
    "placa": "ABC-1234",
    "disponivel": true,
    "criadoEm": {"$date": "2024-06-01T08:00:00.000Z"}
  },
  {
    "modelo": "HB20",
    "ano": 2020,
    "valorDiaria": 90.00,
    "cor": "Prata",
    "placa": "DEF-5678",
    "disponivel": true,
    "criadoEm": {"$date": "2024-06-01T08:00:00.000Z"}
  },
  {
    "modelo": "Sandero",
    "ano": 2020,
    "valorDiaria": 100.00,
    "cor": "Vermelho",
    "placa": "GHI-9012",
    "disponivel": true,
    "criadoEm": {"$date": "2024-06-01T08:00:00.000Z"}
  },
  {
    "modelo": "Jeep Renegade",
    "ano": 2022,
    "valorDiaria": 150.00,
    "cor": "Preto",
    "placa": "JKL-3456",
    "disponivel": true,
    "criadoEm": {"$date": "2024-06-01T08:00:00.000Z"}
  },
  {
    "modelo": "Fiat Uno",
    "ano": 2018,
    "valorDiaria": 70.00,
    "cor": "Azul",
    "placa": "MNO-7890",
    "disponivel": true,
    "criadoEm": {"$date": "2024-06-01T08:00:00.000Z"}
  },
  {
    "modelo": "Corolla",
    "ano": 2021,
    "valorDiaria": 150.00,
    "cor": "Prata",
    "placa": "PQR-1234",
    "disponivel": true,
    "criadoEm": {"$date": "2024-06-01T08:00:00.000Z"}
  },
  {
    "modelo": "Prisma",
    "ano": 2019,
    "valorDiaria": 90.00,
    "cor": "Branco",
    "placa": "STU-5678",
    "disponivel": true,
    "criadoEm": {"$date": "2024-06-01T08:00:00.000Z"}
  },
  {
    "modelo": "Fox",
    "ano": 2016,
    "valorDiaria": 80.00,
    "cor": "Cinza",
    "placa": "VWX-9012",
    "disponivel": true,
    "criadoEm": {"$date": "2024-06-01T08:00:00.000Z"}
  },
  {
    "modelo": "Logan",
    "ano": 2020,
    "valorDiaria": 95.00,
    "cor": "Azul",
    "placa": "YZA-3456",
    "disponivel": true,
    "criadoEm": {"$date": "2024-06-01T08:00:00.000Z"}
  },
  {
    "modelo": "Argo",
    "ano": 2021,
    "valorDiaria": 100.00,
    "cor": "Vermelho",
    "placa": "BCD-7890",
    "disponivel": true,
    "criadoEm": {"$date": "2024-06-01T08:00:00.000Z"}
  },
  {
    "modelo": "Versa",
    "ano": 2018,
    "valorDiaria": 100.00,
    "cor": "Prata",
    "placa": "EFG-1234",
    "disponivel": true,
    "criadoEm": {"$date": "2024-06-01T08:00:00.000Z"}
  },
  {
    "modelo": "Spin",
    "ano": 2020,
    "valorDiaria": 100.00,
    "cor": "Branco",
    "placa": "HIJ-5678",
    "disponivel": true,
    "criadoEm": {"$date": "2024-06-01T08:00:00.000Z"}
  },
  {
    "modelo": "Cobalt",
    "ano": 2019,
    "valorDiaria": 95.00,
    "cor": "Azul",
    "placa": "KLM-9012",
    "disponivel": true,
    "criadoEm": {"$date": "2024-06-01T08:00:00.000Z"}
  },
  {
    "modelo": "EcoSport",
    "ano": 2017,
    "valorDiaria": 110.00,
    "cor": "Prata",
    "placa": "NOP-3456",
    "disponivel": true,
    "criadoEm": {"$date": "2024-06-01T08:00:00.000Z"}
  },
  {
    "modelo": "Kwid",
    "ano": 2020,
    "valorDiaria": 80.00,
    "cor": "Laranja",
    "placa": "QRS-7890",
    "disponivel": true,
    "criadoEm": {"$date": "2024-06-01T08:00:00.000Z"}
  },
  {
    "modelo": "Siena",
    "ano": 2019,
    "valorDiaria": 85.00,
    "cor": "Branco",
    "placa": "TUV-1234",
    "disponivel": true,
    "criadoEm": {"$date": "2024-06-01T08:00:00.000Z"}
  },
  {
    "modelo": "Civic",
    "ano": 2018,
    "valorDiaria": 150.00,
    "cor": "Preto",
    "placa": "WXY-5678",
    "disponivel": true,
    "criadoEm": {"$date": "2024-06-01T08:00:00.000Z"}
  },
  {
    "modelo": "Celta",
    "ano": 2015,
    "valorDiaria": 65.00,
    "cor": "Branco",
    "placa": "ZAB-9012",
    "disponivel": true,
    "criadoEm": {"$date": "2024-06-01T08:00:00.000Z"}
  },
  {
    "modelo": "HR-V",
    "ano": 2020,
    "valorDiaria": 145.00,
    "cor": "Prata",
    "placa": "CDE-3456",
    "disponivel": true,
    "criadoEm": {"$date": "2024-06-01T08:00:00.000Z"}
  },
  {
    "modelo": "Polo",
    "ano": 2019,
    "valorDiaria": 95.00,
    "cor": "Azul",
    "placa": "FGH-7890",
    "disponivel": true,
    "criadoEm": {"$date": "2024-06-01T08:00:00.000Z"}
  }
]